id,name,email,company_name,address
1,John Doe,john.doe@example.com,ACME Corp,123 Main St
2,Jane Smith,jane.smith@example.com,Tech Inc,456 Oak Ave
3,Bob Johnson,bob.johnson@example.com,Global LLC,789 Pine Rd
4,Alice Brown,alice.brown@example.com,Startup Co,321 Elm St
5,Charlie Wilson,charlie.wilson@example.com,Enterprise Inc,654 Maple Dr
6,Diana Lee,diana.lee@example.com,Innovation Labs,987 Cedar Ln
7,Edward Davis,edward.davis@example.com,Solutions Corp,111 Birch Ct
8,Fiona Garcia,fiona.garcia@example.com,Systems Ltd,222 Willow Way
9,George Miller,george.miller@example.com,Networks Inc,333 Spruce Ave
10,Helen Taylor,helen.taylor@example.com,Digital Corp,444 Aspen St
11,Ivan Rodriguez,ivan.rodriguez@example.com,Cloud Solutions,555 Redwood Blvd
12,Julia Anderson,julia.anderson@example.com,Data Systems,666 Sequoia Dr
13,Kevin Martinez,kevin.martinez@example.com,Web Services,777 Cypress St
14,Linda Thompson,linda.thompson@example.com,Mobile Tech,888 Fir Ave
15,Michael Clark,michael.clark@example.com,Security Corp,999 Hemlock Rd
16,Nancy Lewis,nancy.lewis@example.com,AI Innovations,101 Magnolia St
17,Oscar Walker,oscar.walker@example.com,Blockchain Ltd,202 Dogwood Ave
18,Patricia Hall,patricia.hall@example.com,IoT Solutions,303 Hickory Dr
19,Quinn Allen,quinn.allen@example.com,Quantum Computing,404 Chestnut Ln
20,Rachel Young,rachel.young@example.com,VR Technologies,505 Walnut Way
